<?xml version='1.0' encoding='UTF-8'?>
<image h="3378" w="1800"><stack><stack composite-op="svg:src-over" name="popup" opacity="1.0" visibility="visible"><layer composite-op="svg:src-over" name="Capa 470" opacity="1.0" src="data/001-000.png" visibility="visible" x="1283" y="1213" /><layer composite-op="svg:src-over" name="Elipse 1 copia #1" opacity="1.0" src="data/001-001.png" visibility="visible" x="1260" y="1189" /><layer composite-op="svg:src-over" name="Capa 471" opacity="1.0" src="data/001-002.png" visibility="visible" x="437" y="1173" /><layer composite-op="svg:src-over" name="Rectángulo redondeado 34" opacity="1.0" src="data/001-003.png" visibility="visible" x="420" y="1156" /></stack><layer composite-op="svg:src-over" name="Capa 422 copia 13" opacity="1.0" src="data/001.png" visibility="visible" x="1673" y="2417" /><layer composite-op="svg:src-over" name="Rectángulo redondeado 25 copia 6" opacity="1.0" src="data/002.png" visibility="visible" x="1662" y="2411" /><layer composite-op="svg:src-over" name="Objeto inteligente vectorial copia 12" opacity="1.0" src="data/003.png" visibility="visible" x="1402" y="2331" /><layer composite-op="svg:src-over" name="ACROBATA copia 5" opacity="1.0" src="data/004.png" visibility="visible" x="1388" y="2155" /><layer composite-op="svg:src-over" name="Nos especializamos en la manufactura de partes bajo la especifi copia 5" opacity="1.0" src="data/005.png" visibility="visible" x="1261" y="2207" /><layer composite-op="svg:src-over" name="Ana Paula Covarrubias copia 5" opacity="1.0" src="data/006.png" visibility="visible" x="1315" y="2094" /><layer composite-op="svg:src-over" name="Rectángulo redondeado 33 copia 5" opacity="1.0" src="data/007.png" visibility="visible" x="1405" y="2138" /><layer composite-op="svg:src-over" name="Capa 469 copia 5" opacity="1.0" src="data/008.png" visibility="visible" x="1380" y="1924" /><layer composite-op="svg:src-over" name="Capa 422 copia 12" opacity="1.0" src="data/009.png" visibility="visible" x="1126" y="2299" /><layer composite-op="svg:src-over" name="Rectángulo redondeado 25 copia 5" opacity="1.0" src="data/010.png" visibility="visible" x="1115" y="2293" /><layer composite-op="svg:src-over" name="Objeto inteligente vectorial copia 11" opacity="1.0" src="data/011.png" visibility="visible" x="855" y="2213" /><layer composite-op="svg:src-over" name="ACROBATA copia 4" opacity="1.0" src="data/012.png" visibility="visible" x="841" y="2037" /><layer composite-op="svg:src-over" name="Nos especializamos en la manufactura de partes bajo la especifi copia 4" opacity="1.0" src="data/013.png" visibility="visible" x="714" y="2089" /><layer composite-op="svg:src-over" name="Ana Paula Covarrubias copia 4" opacity="1.0" src="data/014.png" visibility="visible" x="768" y="1976" /><layer composite-op="svg:src-over" name="Rectángulo redondeado 33 copia 4" opacity="1.0" src="data/015.png" visibility="visible" x="858" y="2020" /><layer composite-op="svg:src-over" name="Capa 469 copia 4" opacity="1.0" src="data/016.png" visibility="visible" x="833" y="1806" /><layer composite-op="svg:src-over" name="Capa 422 copia 11" opacity="1.0" src="data/017.png" visibility="visible" x="582" y="2419" /><layer composite-op="svg:src-over" name="Rectángulo redondeado 25 copia 4" opacity="1.0" src="data/018.png" visibility="visible" x="571" y="2413" /><layer composite-op="svg:src-over" name="Objeto inteligente vectorial copia 10" opacity="1.0" src="data/019.png" visibility="visible" x="311" y="2333" /><layer composite-op="svg:src-over" name="ACROBATA copia 3" opacity="1.0" src="data/020.png" visibility="visible" x="297" y="2157" /><layer composite-op="svg:src-over" name="Nos especializamos en la manufactura de partes bajo la especifi copia 3" opacity="1.0" src="data/021.png" visibility="visible" x="170" y="2209" /><layer composite-op="svg:src-over" name="Ana Paula Covarrubias copia 3" opacity="1.0" src="data/022.png" visibility="visible" x="224" y="2096" /><layer composite-op="svg:src-over" name="Rectángulo redondeado 33 copia 3" opacity="1.0" src="data/023.png" visibility="visible" x="314" y="2140" /><layer composite-op="svg:src-over" name="Capa 469 copia 3" opacity="1.0" src="data/024.png" visibility="visible" x="289" y="1926" /><layer composite-op="svg:src-over" name="Capa 470 copia 6" opacity="1.0" src="data/025.png" visibility="visible" x="1203" y="1880" /><layer composite-op="svg:src-over" name="Capa 470 copia 5" opacity="1.0" src="data/026.png" visibility="visible" x="657" y="1761" /><layer composite-op="svg:src-over" name="Capa 470 copia 4" opacity="1.0" src="data/027.png" visibility="visible" x="112" y="1880" /><layer composite-op="svg:src-over" name="Capa 422 copia 10" opacity="1.0" src="data/028.png" visibility="visible" x="1673" y="1766" /><layer composite-op="svg:src-over" name="Rectángulo redondeado 25 copia 3" opacity="1.0" src="data/029.png" visibility="visible" x="1662" y="1760" /><layer composite-op="svg:src-over" name="Objeto inteligente vectorial copia 9" opacity="1.0" src="data/030.png" visibility="visible" x="1402" y="1680" /><layer composite-op="svg:src-over" name="ACROBATA copia 2" opacity="1.0" src="data/031.png" visibility="visible" x="1388" y="1504" /><layer composite-op="svg:src-over" name="Nos especializamos en la manufactura de partes bajo la especifi copia 2" opacity="1.0" src="data/032.png" visibility="visible" x="1261" y="1556" /><layer composite-op="svg:src-over" name="Ana Paula Covarrubias copia 2" opacity="1.0" src="data/033.png" visibility="visible" x="1315" y="1443" /><layer composite-op="svg:src-over" name="Rectángulo redondeado 33 copia 2" opacity="1.0" src="data/034.png" visibility="visible" x="1405" y="1487" /><layer composite-op="svg:src-over" name="Capa 469 copia 2" opacity="1.0" src="data/035.png" visibility="visible" x="1380" y="1273" /><layer composite-op="svg:src-over" name="Capa 422 copia 2" opacity="1.0" src="data/036.png" visibility="visible" x="1126" y="1648" /><layer composite-op="svg:src-over" name="Rectángulo redondeado 25 copia 2" opacity="1.0" src="data/037.png" visibility="visible" x="1115" y="1642" /><layer composite-op="svg:src-over" name="Objeto inteligente vectorial copia 8" opacity="1.0" src="data/038.png" visibility="visible" x="855" y="1562" /><layer composite-op="svg:src-over" name="ACROBATA copia" opacity="1.0" src="data/039.png" visibility="visible" x="841" y="1386" /><layer composite-op="svg:src-over" name="Nos especializamos en la manufactura de partes bajo la especifi copia" opacity="1.0" src="data/040.png" visibility="visible" x="714" y="1438" /><layer composite-op="svg:src-over" name="Ana Paula Covarrubias #1" opacity="1.0" src="data/041.png" visibility="visible" x="768" y="1325" /><layer composite-op="svg:src-over" name="Rectángulo redondeado 33 copia" opacity="1.0" src="data/042.png" visibility="visible" x="858" y="1369" /><layer composite-op="svg:src-over" name="Capa 469 copia" opacity="1.0" src="data/043.png" visibility="visible" x="833" y="1155" /><layer composite-op="svg:src-over" name="Capa 422 copia" opacity="1.0" src="data/044.png" visibility="visible" x="582" y="1768" /><layer composite-op="svg:src-over" name="Rectángulo redondeado 25 copia" opacity="1.0" src="data/045.png" visibility="visible" x="571" y="1762" /><layer composite-op="svg:src-over" name="Objeto inteligente vectorial copia 7" opacity="1.0" src="data/046.png" visibility="visible" x="311" y="1682" /><layer composite-op="svg:src-over" name="ACROBATA" opacity="1.0" src="data/047.png" visibility="visible" x="297" y="1506" /><layer composite-op="svg:src-over" name="Nos especializamos en la manufactura de partes bajo la especifi" opacity="1.0" src="data/048.png" visibility="visible" x="170" y="1558" /><layer composite-op="svg:src-over" name="Ana Paula Covarrubias" opacity="1.0" src="data/049.png" visibility="visible" x="224" y="1445" /><layer composite-op="svg:src-over" name="Rectángulo redondeado 33" opacity="1.0" src="data/050.png" visibility="visible" x="314" y="1489" /><layer composite-op="svg:src-over" name="Capa 469" opacity="1.0" src="data/051.png" visibility="visible" x="289" y="1275" /><layer composite-op="svg:src-over" name="Capa 470 copia 3" opacity="1.0" src="data/052.png" visibility="visible" x="1203" y="1229" /><layer composite-op="svg:src-over" name="Capa 470 copia 2" opacity="1.0" src="data/053.png" visibility="visible" x="657" y="1110" /><layer composite-op="svg:src-over" name="Capa 470 copia" opacity="1.0" src="data/054.png" visibility="visible" x="112" y="1229" /><stack composite-op="svg:src-over" name="menu #1" opacity="1.0" visibility="hidden"><layer composite-op="svg:src-over" name="Capa 463" opacity="1.0" src="data/056-000.png" visibility="visible" x="899" y="247" /><layer composite-op="svg:src-over" name="nosotros espectaculos nuestros artistas servicios eventos y tal" opacity="1.0" src="data/056-001.png" visibility="visible" x="557" y="164" /><layer composite-op="svg:src-over" name="Capa 462" opacity="1.0" src="data/056-002.png" visibility="visible" x="121" y="68" /><layer composite-op="svg:src-over" name="Objeto inteligente vectorial #13" opacity="1.0" src="data/056-003.png" visibility="visible" x="1516" y="836" /><layer composite-op="svg:src-over" name="Elipse 1 copia" opacity="1.0" src="data/056-004.png" visibility="visible" x="98" y="45" /><layer composite-op="svg:src-over" name="Capa 458 copia" opacity="0.980392156863" src="data/056-005.png" visibility="visible" x="0" y="0" /></stack><layer composite-op="svg:src-over" name="Objeto inteligente vectorial copia 5" opacity="1.0" src="data/056.png" visibility="hidden" x="638" y="235" /><stack composite-op="svg:src-over" name="header" opacity="1.0" visibility="visible"><layer composite-op="svg:src-over" name="Rectángulo 1 copia 3" opacity="1.0" src="data/058-000.png" visibility="visible" x="114" y="91" /><layer composite-op="svg:src-over" name="Rectángulo 1 copia 2" opacity="1.0" src="data/058-001.png" visibility="visible" x="114" y="83" /><layer composite-op="svg:src-over" name="Rectángulo 1" opacity="1.0" src="data/058-002.png" visibility="visible" x="114" y="75" /><layer composite-op="svg:src-over" name="Capa 468" opacity="1.0" src="data/058-003.png" visibility="visible" x="95" y="191" /><layer composite-op="svg:src-over" name="nuestros artistas" opacity="1.0" src="data/058-004.png" visibility="visible" x="448" y="919" /><layer composite-op="svg:src-over" name="Elipse 1" opacity="1.0" src="data/058-005.png" visibility="visible" x="98" y="45" /><layer composite-op="svg:src-over" name="Objeto inteligente vectorial copia 3 #1" opacity="1.0" src="data/058-006.png" visibility="visible" x="1589" y="68" /><layer composite-op="svg:src-over" name="Objeto inteligente vectorial #12" opacity="1.0" src="data/058-007.png" visibility="visible" x="193" y="71" /><layer composite-op="svg:src-over" name="Capa 456" opacity="1.0" src="data/058-008.png" visibility="hidden" x="0" y="0" /><layer composite-op="svg:src-over" name="Capa 453" opacity="1.0" src="data/058-009.png" visibility="hidden" x="406" y="987" /><layer composite-op="svg:src-over" name="Objeto inteligente vectorial copia 4" opacity="1.0" src="data/058-010.png" visibility="visible" x="1637" y="3227" /><layer composite-op="svg:src-over" name="Objeto inteligente vectorial #11" opacity="1.0" src="data/058-011.png" visibility="visible" x="72" y="2788" /><layer composite-op="svg:src-over" name="Objeto inteligente vectorial copia" opacity="1.0" src="data/058-012.png" visibility="visible" x="707" y="3103" /><layer composite-op="svg:src-over" name="Objeto inteligente vectorial #10" opacity="1.0" src="data/058-013.png" visibility="hidden" x="999" y="1096" /><layer composite-op="svg:src-over" name="Capa 444" opacity="1.0" src="data/058-014.png" visibility="visible" x="0" y="0" /><layer composite-op="svg:src-over" name="Lorem Ipsum" opacity="1.0" src="data/058-015.png" visibility="visible" x="453" y="-133" /></stack><layer composite-op="svg:src-over" name="Capa 449" opacity="1.0" src="data/058.png" visibility="hidden" x="0" y="416" /><layer composite-op="svg:src-over" name="Capa 433" opacity="1.0" src="data/059.png" visibility="hidden" x="1553" y="209" /><stack composite-op="svg:src-over" name="Menu MAQUINARIA" opacity="1.0" visibility="hidden"><layer composite-op="svg:src-over" name="Capa 432 copia 6" opacity="1.0" src="data/061-000.png" visibility="visible" x="781" y="697" /><layer composite-op="svg:src-over" name="Capa 422 copia 9" opacity="1.0" src="data/061-001.png" visibility="visible" x="1002" y="691" /><layer composite-op="svg:src-over" name="Capa 432 copia 5" opacity="1.0" src="data/061-002.png" visibility="visible" x="781" y="643" /><layer composite-op="svg:src-over" name="Capa 422 copia 8" opacity="1.0" src="data/061-003.png" visibility="visible" x="1002" y="637" /><layer composite-op="svg:src-over" name="Capa 432 copia 4" opacity="1.0" src="data/061-004.png" visibility="visible" x="781" y="592" /><layer composite-op="svg:src-over" name="Capa 422 copia 7" opacity="1.0" src="data/061-005.png" visibility="visible" x="1002" y="586" /><layer composite-op="svg:src-over" name="Capa 432 copia 3" opacity="1.0" src="data/061-006.png" visibility="visible" x="781" y="538" /><layer composite-op="svg:src-over" name="Capa 422 copia 6" opacity="1.0" src="data/061-007.png" visibility="visible" x="1002" y="532" /><layer composite-op="svg:src-over" name="Capa 432 copia 2" opacity="1.0" src="data/061-008.png" visibility="visible" x="781" y="486" /><layer composite-op="svg:src-over" name="Capa 422 copia 5" opacity="1.0" src="data/061-009.png" visibility="visible" x="1002" y="480" /><layer composite-op="svg:src-over" name="Capa 432 copia" opacity="1.0" src="data/061-010.png" visibility="visible" x="781" y="432" /><layer composite-op="svg:src-over" name="Capa 422 copia 4" opacity="1.0" src="data/061-011.png" visibility="visible" x="1002" y="426" /><layer composite-op="svg:src-over" name="Capa 432" opacity="1.0" src="data/061-012.png" visibility="visible" x="781" y="220" /><layer composite-op="svg:src-over" name="Lathe and multitasking machines Lathe machines Dobladoras Solda" opacity="1.0" src="data/061-013.png" visibility="visible" x="168" y="399" /><layer composite-op="svg:src-over" name="Capa 422 copia 3" opacity="1.0" src="data/061-014.png" visibility="visible" x="1002" y="214" /><layer composite-op="svg:src-over" name="horizontal mills horizontal mills horizontal mills horizontal m copia 2" opacity="1.0" src="data/061-015.png" visibility="visible" x="782" y="250" /><layer composite-op="svg:src-over" name="horizontal mills horizontal mills horizontal mills horizontal m copia" opacity="1.0" src="data/061-016.png" visibility="visible" x="473" y="250" /><layer composite-op="svg:src-over" name="horizontal mills horizontal mills horizontal mills horizontal m" opacity="1.0" src="data/061-017.png" visibility="visible" x="168" y="250" /><layer composite-op="svg:src-over" name="Vertical horizontal mills machines" opacity="1.0" src="data/061-018.png" visibility="visible" x="166" y="185" /><layer composite-op="svg:src-over" name="Capa 430" opacity="1.0" src="data/061-019.png" visibility="visible" x="0" y="148" /></stack><layer composite-op="svg:src-over" name="Capa 431" opacity="1.0" src="data/061.png" visibility="visible" x="0" y="0" /><stack composite-op="svg:src-over" name="bloque 1" opacity="1.0" visibility="visible" /><layer composite-op="svg:src-over" name="Objeto inteligente vectorial copia 6" opacity="1.0" src="data/063.png" visibility="visible" x="707" y="3103" /><layer composite-op="svg:src-over" name="Objeto inteligente vectorial copia 3" opacity="1.0" src="data/064.png" visibility="visible" x="1573" y="2987" /><layer composite-op="svg:src-over" name="Enviar copia" opacity="1.0" src="data/065.png" visibility="visible" x="354" y="3228" /><layer composite-op="svg:src-over" name="Rectángulo redondeado 31 copia 2" opacity="1.0" src="data/066.png" visibility="visible" x="287" y="3207" /><layer composite-op="svg:src-over" name="MENSAJE copia" opacity="1.0" src="data/067.png" visibility="visible" x="332" y="3143" /><layer composite-op="svg:src-over" name="Rectángulo redondeado 29 copia" opacity="1.0" src="data/068.png" visibility="visible" x="175" y="3116" /><layer composite-op="svg:src-over" name="Rectángulo redondeado 28 copia 3" opacity="1.0" src="data/069.png" visibility="visible" x="394" y="3033" /><layer composite-op="svg:src-over" name="Rectángulo redondeado 28 copia 2" opacity="1.0" src="data/070.png" visibility="visible" x="174" y="3033" /><layer composite-op="svg:src-over" name="NOMBRE copia" opacity="1.0" src="data/071.png" visibility="visible" x="214" y="3056" /><layer composite-op="svg:src-over" name="WHATSAPP copia" opacity="1.0" src="data/072.png" visibility="visible" x="428" y="3056" /><layer composite-op="svg:src-over" name="Objeto inteligente vectorial #9" opacity="1.0" src="data/073.png" visibility="hidden" x="1370" y="505" /><layer composite-op="svg:src-over" name="Capa 382" opacity="1.0" src="data/074.png" visibility="visible" x="0" y="0" /><layer composite-op="svg:src-over" name="Capa 406 copia 3" opacity="1.0" src="data/075.png" visibility="hidden" x="0" y="0" /><layer composite-op="svg:src-over" name="Capa 407 copia" opacity="1.0" src="data/076.png" visibility="visible" x="152" y="2799" /><layer composite-op="svg:src-over" name="Capa 406 copia" opacity="1.0" src="data/077.png" visibility="visible" x="92" y="3315" /><layer composite-op="svg:src-over" name="Capa 404 copia" opacity="1.0" src="data/078.png" visibility="visible" x="1701" y="2799" /><layer composite-op="svg:src-over" name="Capa 407" opacity="1.0" src="data/079.png" visibility="visible" x="97" y="3319" /><layer composite-op="svg:src-over" name="Capa 404" opacity="1.0" src="data/080.png" visibility="visible" x="96" y="2872" /><layer composite-op="svg:src-over" name="Objeto inteligente vectorial #8" opacity="1.0" src="data/081.png" visibility="hidden" x="136" y="2919" /><layer composite-op="svg:src-over" name="breca 2022 todos los derechos reservados diseño por wozial" opacity="1.0" src="data/082.png" visibility="visible" x="534" y="3339" /><layer composite-op="svg:src-over" name="aviso de privacidad preguntas frecuentes" opacity="1.0" src="data/083.png" visibility="visible" x="749" y="3214" /><layer composite-op="svg:src-over" name="Necesitas ayuda? Escribenos" opacity="1.0" src="data/084.png" visibility="visible" x="178" y="2854" /><layer composite-op="svg:src-over" name="Capa 374" opacity="1.0" src="data/085.png" visibility="hidden" x="1428" y="1611" /><layer composite-op="svg:src-over" name="Capa 365" opacity="1.0" src="data/086.png" visibility="hidden" x="0" y="984" /><layer composite-op="svg:src-over" name="Capa 369 copia 2" opacity="1.0" src="data/087.png" visibility="hidden" x="689" y="1150" /><layer composite-op="svg:src-over" name="Capa 367" opacity="1.0" src="data/088.png" visibility="hidden" x="1096" y="1196" /><layer composite-op="svg:src-over" name="Capa 366" opacity="1.0" src="data/089.png" visibility="hidden" x="0" y="991" /><layer composite-op="svg:src-over" name="Capa 359" opacity="1.0" src="data/090.png" visibility="hidden" x="0" y="344" /><layer composite-op="svg:src-over" name="Objeto inteligente vectorial copia 2" opacity="1.0" src="data/091.png" visibility="hidden" x="371" y="1030" /><layer composite-op="svg:src-over" name="Objeto inteligente vectorial #7" opacity="1.0" src="data/092.png" visibility="hidden" x="821" y="45" /><layer composite-op="svg:src-over" name="L1 copia 2" opacity="1.0" src="data/093.png" visibility="visible" x="0" y="0" /><layer composite-op="svg:src-over" name="Forma 1 copia 27" opacity="1.0" src="data/094.png" visibility="visible" x="1673" y="6257" /><layer composite-op="svg:src-over" name="Forma 1 copia 22" opacity="1.0" src="data/095.png" visibility="hidden" x="1577" y="6257" /><stack composite-op="svg:src-over" name="menu" opacity="1.0" visibility="hidden"><layer composite-op="svg:src-over" name="Capa 329" opacity="1.0" src="data/097-000.png" visibility="visible" x="1336" y="666" /><layer composite-op="svg:src-over" name="TEL. 3338096501 Avenida Lapizlazuli 2074 int. 3 Col. Resindenci" opacity="1.0" src="data/097-001.png" visibility="visible" x="1441" y="561" /><layer composite-op="svg:src-over" name="AVISO DE PRIVACIDAD TERMINOS Y CONDICIONES POLITICAS DE ENVIO P" opacity="1.0" src="data/097-002.png" visibility="visible" x="1419" y="773" /><layer composite-op="svg:src-over" name="L1" opacity="1.0" src="data/097-003.png" visibility="visible" x="1627" y="685" /><layer composite-op="svg:src-over" name="Forma 1 copia 25" opacity="1.0" src="data/097-004.png" visibility="visible" x="1675" y="684" /><layer composite-op="svg:src-over" name="Forma 1 copia 20" opacity="1.0" src="data/097-005.png" visibility="visible" x="1579" y="683" /><layer composite-op="svg:src-over" name="" opacity="1.0" src="data/097-006.png" visibility="visible" x="0" y="0" /><layer composite-op="svg:src-over" name="Objeto inteligente vectorial #6" opacity="1.0" src="data/097-007.png" visibility="visible" x="110" y="58" /><layer composite-op="svg:src-over" name="Capa 330" opacity="1.0" src="data/097-008.png" visibility="visible" x="1264" y="0" /><layer composite-op="svg:src-over" name="Capa 328" opacity="1.0" src="data/097-009.png" visibility="visible" x="1268" y="0" /><layer composite-op="svg:src-over" name="Capa 285" opacity="1.0" src="data/097-010.png" visibility="visible" x="491" y="433" /><layer composite-op="svg:src-over" name="UDICON SERVICIOS PROYECTOS COTIZACIONES CONTACTO" opacity="1.0" src="data/097-011.png" visibility="visible" x="113" y="406" /><layer composite-op="svg:src-over" name="Capa 219" opacity="1.0" src="data/097-012.png" visibility="hidden" x="786" y="508" /><layer composite-op="svg:src-over" name="Capa 218" opacity="1.0" src="data/097-013.png" visibility="visible" x="0" y="0" /></stack><layer composite-op="svg:src-over" name="Capa 409" opacity="1.0" src="data/097.png" visibility="visible" x="707" y="3194" /><layer composite-op="svg:src-over" name="Capa 408" opacity="1.0" src="data/098.png" visibility="visible" x="664" y="2811" /><stack composite-op="svg:src-over" name="Grupo 4" opacity="1.0" visibility="visible"><layer composite-op="svg:src-over" name="Capa 411" opacity="1.0" src="data/100-000.png" visibility="hidden" x="627" y="830" /></stack><layer composite-op="svg:src-over" name="Capa 412" opacity="1.0" src="data/100.png" visibility="hidden" x="408" y="538" /><layer composite-op="svg:src-over" name="Avenida lapizlazuli 2074 int3 Residencial victoria, Guadalajara" opacity="1.0" src="data/101.png" visibility="visible" x="1372" y="3044" /><layer composite-op="svg:src-over" name="Deja tu correo y tu comentario y un asesor se reportará contigo" opacity="1.0" src="data/102.png" visibility="visible" x="176" y="2939" /><layer composite-op="svg:src-over" name="Capa 348" opacity="1.0" src="data/103.png" visibility="hidden" x="240" y="1760" /><stack composite-op="svg:src-over" name="Grupo 3" opacity="1.0" visibility="visible" /><layer composite-op="svg:src-over" name="Capa 342 copia 2" opacity="1.0" src="data/105.png" visibility="hidden" x="885" y="1698" /><layer composite-op="svg:src-over" name="Objeto inteligente vectorial #5" opacity="1.0" src="data/106.png" visibility="hidden" x="802" y="469" /><stack composite-op="svg:src-over" name="Grupo 2" opacity="1.0" visibility="visible" /><stack composite-op="svg:src-over" name="SliderHome" opacity="1.0" visibility="visible"><layer composite-op="svg:src-over" name="Capa 353" opacity="1.0" src="data/109-000.png" visibility="hidden" x="961" y="940" /><layer composite-op="svg:src-over" name="Capa 272 copia 17" opacity="1.0" src="data/109-001.png" visibility="hidden" x="1641" y="709" /><layer composite-op="svg:src-over" name="Capa 370" opacity="1.0" src="data/109-002.png" visibility="hidden" x="215" y="1679" /><layer composite-op="svg:src-over" name="Capa 272 copia 16" opacity="1.0" src="data/109-003.png" visibility="hidden" x="1641" y="753" /></stack><layer composite-op="svg:src-over" name="lineas" opacity="1.0" src="data/109.png" visibility="hidden" x="109" y="80" /><layer composite-op="svg:src-over" name="Objeto inteligente vectorial #4" opacity="1.0" src="data/110.png" visibility="hidden" x="204" y="664" /><layer composite-op="svg:src-over" name="Rectángulo 1 copia" opacity="1.0" src="data/111.png" visibility="hidden" x="109" y="213" /><layer composite-op="svg:src-over" name="Objeto inteligente vectorial #3" opacity="1.0" src="data/112.png" visibility="hidden" x="119" y="61" /><layer composite-op="svg:src-over" name="Objeto inteligente vectorial #2" opacity="1.0" src="data/113.png" visibility="hidden" x="1413" y="65" /><layer composite-op="svg:src-over" name="Objeto inteligente vectorial #1" opacity="1.0" src="data/114.png" visibility="hidden" x="225" y="1138" /><layer composite-op="svg:src-over" name="Capa 312" opacity="1.0" src="data/115.png" visibility="hidden" x="189" y="1010" /><layer composite-op="svg:src-over" name="Capa 307" opacity="1.0" src="data/116.png" visibility="visible" x="0" y="0" /><stack composite-op="svg:src-over" name="Grupo 1" opacity="1.0" visibility="hidden"><layer composite-op="svg:src-over" name="TEL.3338096501" opacity="1.0" src="data/118-000.png" visibility="visible" x="396" y="581" /></stack><layer composite-op="svg:src-over" name="Capa 305" opacity="1.0" src="data/118.png" visibility="hidden" x="109" y="249" /><stack composite-op="svg:src-over" name="cuerpo" opacity="1.0" visibility="visible"><layer composite-op="svg:src-over" name="Rectángulo redondeado 3" opacity="1.0" src="data/120-000.png" visibility="hidden" x="110" y="24" /><layer composite-op="svg:src-over" name="L1 copia" opacity="1.0" src="data/120-001.png" visibility="hidden" x="0" y="0" /><layer composite-op="svg:src-over" name="Capa 293" opacity="1.0" src="data/120-002.png" visibility="hidden" x="111" y="0" /><layer composite-op="svg:src-over" name="Forma 1 copia 26" opacity="1.0" src="data/120-003.png" visibility="hidden" x="1649" y="3478" /><layer composite-op="svg:src-over" name="Forma 1 copia 21" opacity="1.0" src="data/120-004.png" visibility="hidden" x="1568" y="3477" /><layer composite-op="svg:src-over" name="Capa 384" opacity="1.0" src="data/120-005.png" visibility="visible" x="0" y="0" /><layer composite-op="svg:src-over" name="TEL. 3338096501 WHATSAPP: 3338096501 AVENIDA LAPIZLAZULI 2074" opacity="1.0" src="data/120-006.png" visibility="hidden" x="1361" y="3745" /><layer composite-op="svg:src-over" name="Capa 295" opacity="1.0" src="data/120-007.png" visibility="hidden" x="111" y="158" /><layer composite-op="svg:src-over" name="Capa 291" opacity="1.0" src="data/120-008.png" visibility="hidden" x="733" y="415" /><layer composite-op="svg:src-over" name="Rectángulo redondeado 2" opacity="1.0" src="data/120-009.png" visibility="hidden" x="110" y="108" /></stack><layer composite-op="svg:src-over" name="Objeto inteligente vectorial" opacity="1.0" src="data/120.png" visibility="hidden" x="-709" y="919" /><layer composite-op="svg:src-over" name="fondo copia" opacity="0.878431372549" src="data/121.png" visibility="hidden" x="0" y="1837" /><layer composite-op="svg:src-over" name="fondo" opacity="0.878431372549" src="data/122.png" visibility="hidden" x="0" y="869" /><layer composite-op="svg:src-over" name="Capa 294" opacity="1.0" src="data/123.png" visibility="hidden" x="0" y="0" /><layer composite-op="svg:src-over" name="Capa 290" opacity="1.0" src="data/124.png" visibility="hidden" x="0" y="0" /><layer composite-op="svg:src-over" name="Capa 350 copia" opacity="1.0" src="data/125.png" visibility="hidden" x="0" y="0" /><layer composite-op="svg:src-over" name="Capa 360" opacity="1.0" src="data/126.png" visibility="hidden" x="0" y="0" /><layer composite-op="svg:src-over" name="Capa 362 copia" opacity="1.0" src="data/127.png" visibility="hidden" x="27" y="1845" /><layer composite-op="svg:src-over" name="Capa 362 copia 2" opacity="0.921568627451" src="data/128.png" visibility="hidden" x="0" y="0" /><layer composite-op="svg:src-over" name="Capa 410 copia" opacity="1.0" src="data/129.png" visibility="hidden" x="0" y="0" /><layer composite-op="svg:src-over" name="Capa 452" opacity="0.0392156862745" src="data/130.png" visibility="hidden" x="0" y="0" /><layer composite-op="svg:src-over" name="Capa 442" opacity="1.0" src="data/131.png" visibility="hidden" x="0" y="0" /><layer composite-op="svg:src-over" name="Capa 458 copia 2" opacity="1.0" src="data/132.png" visibility="visible" x="0" y="2742" /><layer composite-op="svg:src-over" name="Capa 160" opacity="1.0" src="data/133.png" visibility="visible" x="0" y="0" /></stack></image>