<?xml version='1.0' encoding='UTF-8'?>
<image h="2263" w="1800"><stack><stack composite-op="svg:src-over" name="menu #1" opacity="1.0" visibility="hidden"><layer composite-op="svg:src-over" name="Capa 463" opacity="1.0" src="data/001-000.png" visibility="visible" x="899" y="247" /><layer composite-op="svg:src-over" name="nosotros espectaculos nuestros artistas servicios eventos y tal" opacity="1.0" src="data/001-001.png" visibility="visible" x="557" y="164" /><layer composite-op="svg:src-over" name="Capa 462" opacity="1.0" src="data/001-002.png" visibility="visible" x="121" y="68" /><layer composite-op="svg:src-over" name="Objeto inteligente vectorial #13" opacity="1.0" src="data/001-003.png" visibility="visible" x="1516" y="836" /><layer composite-op="svg:src-over" name="Elipse 1 copia #1" opacity="1.0" src="data/001-004.png" visibility="visible" x="98" y="45" /><layer composite-op="svg:src-over" name="Capa 458 copia" opacity="0.980392156863" src="data/001-005.png" visibility="visible" x="0" y="0" /></stack><layer composite-op="svg:src-over" name="Objeto inteligente vectorial copia 5" opacity="1.0" src="data/001.png" visibility="hidden" x="638" y="235" /><stack composite-op="svg:src-over" name="header" opacity="1.0" visibility="visible"><layer composite-op="svg:src-over" name="Rectángulo 1 copia 3" opacity="1.0" src="data/003-000.png" visibility="visible" x="114" y="91" /><layer composite-op="svg:src-over" name="Rectángulo 1 copia 2" opacity="1.0" src="data/003-001.png" visibility="visible" x="114" y="83" /><layer composite-op="svg:src-over" name="Rectángulo 1" opacity="1.0" src="data/003-002.png" visibility="visible" x="114" y="75" /><layer composite-op="svg:src-over" name="contactar" opacity="1.0" src="data/003-003.png" visibility="visible" x="406" y="1281" /><layer composite-op="svg:src-over" name="Rectángulo redondeado 31 copia" opacity="1.0" src="data/003-004.png" visibility="visible" x="358" y="1260" /><layer composite-op="svg:src-over" name="Capa 468" opacity="1.0" src="data/003-005.png" visibility="visible" x="1595" y="242" /><layer composite-op="svg:src-over" name="Elipse 1 copia" opacity="1.0" src="data/003-006.png" visibility="visible" x="1572" y="218" /><layer composite-op="svg:src-over" name="In publishing and graphic design, Lorem ipsum is a placeholder" opacity="1.0" src="data/003-007.png" visibility="visible" x="151" y="836" /><layer composite-op="svg:src-over" name="Elipse 2 copia 2" opacity="1.0" src="data/003-008.png" visibility="visible" x="1271" y="1481" /><layer composite-op="svg:src-over" name="Elipse 2 copia" opacity="1.0" src="data/003-009.png" visibility="visible" x="1250" y="1481" /><layer composite-op="svg:src-over" name="Elipse 2" opacity="1.0" src="data/003-010.png" visibility="visible" x="1231" y="1481" /><layer composite-op="svg:src-over" name="street dance" opacity="1.0" src="data/003-011.png" visibility="visible" x="150" y="758" /><layer composite-op="svg:src-over" name="Capa 467" opacity="1.0" src="data/003-012.png" visibility="visible" x="96" y="677" /><layer composite-op="svg:src-over" name="Capa 466" opacity="1.0" src="data/003-013.png" visibility="visible" x="597" y="180" /><layer composite-op="svg:src-over" name="Capa 465" opacity="1.0" src="data/003-014.png" visibility="visible" x="96" y="179" /><layer composite-op="svg:src-over" name="Nos especializamos en la manufactura de partes bajo la especifi" opacity="1.0" src="data/003-015.png" visibility="visible" x="316" y="438" /><layer composite-op="svg:src-over" name="Lorem  copia" opacity="1.0" src="data/003-016.png" visibility="visible" x="339" y="348" /><layer composite-op="svg:src-over" name="Lorem" opacity="1.0" src="data/003-017.png" visibility="visible" x="339" y="296" /><layer composite-op="svg:src-over" name="Capa 443 copia" opacity="1.0" src="data/003-018.png" visibility="visible" x="96" y="180" /><layer composite-op="svg:src-over" name="Elipse 1" opacity="1.0" src="data/003-019.png" visibility="visible" x="98" y="45" /><layer composite-op="svg:src-over" name="Objeto inteligente vectorial copia 3 #1" opacity="1.0" src="data/003-020.png" visibility="visible" x="1589" y="68" /><layer composite-op="svg:src-over" name="Objeto inteligente vectorial #12" opacity="1.0" src="data/003-021.png" visibility="visible" x="193" y="71" /><layer composite-op="svg:src-over" name="Capa 456" opacity="1.0" src="data/003-022.png" visibility="hidden" x="0" y="0" /><layer composite-op="svg:src-over" name="Capa 453" opacity="1.0" src="data/003-023.png" visibility="hidden" x="406" y="987" /><layer composite-op="svg:src-over" name="Objeto inteligente vectorial copia 4" opacity="1.0" src="data/003-024.png" visibility="visible" x="1637" y="2107" /><layer composite-op="svg:src-over" name="Objeto inteligente vectorial #11" opacity="1.0" src="data/003-025.png" visibility="visible" x="72" y="1668" /><layer composite-op="svg:src-over" name="Objeto inteligente vectorial copia" opacity="1.0" src="data/003-026.png" visibility="visible" x="707" y="1983" /><layer composite-op="svg:src-over" name="Objeto inteligente vectorial #10" opacity="1.0" src="data/003-027.png" visibility="hidden" x="999" y="1096" /><layer composite-op="svg:src-over" name="Capa 444" opacity="1.0" src="data/003-028.png" visibility="visible" x="0" y="0" /><layer composite-op="svg:src-over" name="Lorem Ipsum" opacity="1.0" src="data/003-029.png" visibility="visible" x="453" y="-133" /></stack><layer composite-op="svg:src-over" name="Capa 449" opacity="1.0" src="data/003.png" visibility="hidden" x="0" y="416" /><layer composite-op="svg:src-over" name="Capa 433" opacity="1.0" src="data/004.png" visibility="hidden" x="1553" y="209" /><stack composite-op="svg:src-over" name="Menu MAQUINARIA" opacity="1.0" visibility="hidden"><layer composite-op="svg:src-over" name="Capa 432 copia 6" opacity="1.0" src="data/006-000.png" visibility="visible" x="781" y="697" /><layer composite-op="svg:src-over" name="Capa 422 copia 9" opacity="1.0" src="data/006-001.png" visibility="visible" x="1002" y="691" /><layer composite-op="svg:src-over" name="Capa 432 copia 5" opacity="1.0" src="data/006-002.png" visibility="visible" x="781" y="643" /><layer composite-op="svg:src-over" name="Capa 422 copia 8" opacity="1.0" src="data/006-003.png" visibility="visible" x="1002" y="637" /><layer composite-op="svg:src-over" name="Capa 432 copia 4" opacity="1.0" src="data/006-004.png" visibility="visible" x="781" y="592" /><layer composite-op="svg:src-over" name="Capa 422 copia 7" opacity="1.0" src="data/006-005.png" visibility="visible" x="1002" y="586" /><layer composite-op="svg:src-over" name="Capa 432 copia 3" opacity="1.0" src="data/006-006.png" visibility="visible" x="781" y="538" /><layer composite-op="svg:src-over" name="Capa 422 copia 6" opacity="1.0" src="data/006-007.png" visibility="visible" x="1002" y="532" /><layer composite-op="svg:src-over" name="Capa 432 copia 2" opacity="1.0" src="data/006-008.png" visibility="visible" x="781" y="486" /><layer composite-op="svg:src-over" name="Capa 422 copia 5" opacity="1.0" src="data/006-009.png" visibility="visible" x="1002" y="480" /><layer composite-op="svg:src-over" name="Capa 432 copia" opacity="1.0" src="data/006-010.png" visibility="visible" x="781" y="432" /><layer composite-op="svg:src-over" name="Capa 422 copia 4" opacity="1.0" src="data/006-011.png" visibility="visible" x="1002" y="426" /><layer composite-op="svg:src-over" name="Capa 432" opacity="1.0" src="data/006-012.png" visibility="visible" x="781" y="220" /><layer composite-op="svg:src-over" name="Lathe and multitasking machines Lathe machines Dobladoras Solda" opacity="1.0" src="data/006-013.png" visibility="visible" x="168" y="399" /><layer composite-op="svg:src-over" name="Capa 422 copia 3" opacity="1.0" src="data/006-014.png" visibility="visible" x="1002" y="214" /><layer composite-op="svg:src-over" name="horizontal mills horizontal mills horizontal mills horizontal m copia 2" opacity="1.0" src="data/006-015.png" visibility="visible" x="782" y="250" /><layer composite-op="svg:src-over" name="horizontal mills horizontal mills horizontal mills horizontal m copia" opacity="1.0" src="data/006-016.png" visibility="visible" x="473" y="250" /><layer composite-op="svg:src-over" name="horizontal mills horizontal mills horizontal mills horizontal m" opacity="1.0" src="data/006-017.png" visibility="visible" x="168" y="250" /><layer composite-op="svg:src-over" name="Vertical horizontal mills machines" opacity="1.0" src="data/006-018.png" visibility="visible" x="166" y="185" /><layer composite-op="svg:src-over" name="Capa 430" opacity="1.0" src="data/006-019.png" visibility="visible" x="0" y="148" /></stack><layer composite-op="svg:src-over" name="Capa 431" opacity="1.0" src="data/006.png" visibility="visible" x="0" y="0" /><stack composite-op="svg:src-over" name="bloque 1" opacity="1.0" visibility="visible" /><layer composite-op="svg:src-over" name="Objeto inteligente vectorial copia 6" opacity="1.0" src="data/008.png" visibility="visible" x="707" y="1983" /><layer composite-op="svg:src-over" name="Objeto inteligente vectorial copia 3" opacity="1.0" src="data/009.png" visibility="visible" x="1573" y="1867" /><layer composite-op="svg:src-over" name="Enviar copia" opacity="1.0" src="data/010.png" visibility="visible" x="354" y="2108" /><layer composite-op="svg:src-over" name="Rectángulo redondeado 31 copia 2" opacity="1.0" src="data/011.png" visibility="visible" x="287" y="2087" /><layer composite-op="svg:src-over" name="MENSAJE copia" opacity="1.0" src="data/012.png" visibility="visible" x="332" y="2023" /><layer composite-op="svg:src-over" name="Rectángulo redondeado 29 copia" opacity="1.0" src="data/013.png" visibility="visible" x="175" y="1996" /><layer composite-op="svg:src-over" name="Rectángulo redondeado 28 copia 3" opacity="1.0" src="data/014.png" visibility="visible" x="394" y="1913" /><layer composite-op="svg:src-over" name="Rectángulo redondeado 28 copia 2" opacity="1.0" src="data/015.png" visibility="visible" x="174" y="1913" /><layer composite-op="svg:src-over" name="NOMBRE copia" opacity="1.0" src="data/016.png" visibility="visible" x="214" y="1936" /><layer composite-op="svg:src-over" name="WHATSAPP copia" opacity="1.0" src="data/017.png" visibility="visible" x="428" y="1936" /><layer composite-op="svg:src-over" name="Objeto inteligente vectorial #9" opacity="1.0" src="data/018.png" visibility="hidden" x="1370" y="505" /><layer composite-op="svg:src-over" name="Capa 382" opacity="1.0" src="data/019.png" visibility="visible" x="0" y="0" /><layer composite-op="svg:src-over" name="Capa 406 copia 3" opacity="1.0" src="data/020.png" visibility="hidden" x="0" y="0" /><layer composite-op="svg:src-over" name="Capa 407 copia" opacity="1.0" src="data/021.png" visibility="visible" x="152" y="1679" /><layer composite-op="svg:src-over" name="Capa 406 copia" opacity="1.0" src="data/022.png" visibility="visible" x="92" y="2195" /><layer composite-op="svg:src-over" name="Capa 404 copia" opacity="1.0" src="data/023.png" visibility="visible" x="1701" y="1679" /><layer composite-op="svg:src-over" name="Capa 407" opacity="1.0" src="data/024.png" visibility="visible" x="97" y="2199" /><layer composite-op="svg:src-over" name="Capa 404" opacity="1.0" src="data/025.png" visibility="visible" x="96" y="1752" /><layer composite-op="svg:src-over" name="Objeto inteligente vectorial #8" opacity="1.0" src="data/026.png" visibility="hidden" x="136" y="2919" /><layer composite-op="svg:src-over" name="breca 2022 todos los derechos reservados diseño por wozial" opacity="1.0" src="data/027.png" visibility="visible" x="534" y="2219" /><layer composite-op="svg:src-over" name="aviso de privacidad preguntas frecuentes" opacity="1.0" src="data/028.png" visibility="visible" x="749" y="2094" /><layer composite-op="svg:src-over" name="Necesitas ayuda? Escribenos" opacity="1.0" src="data/029.png" visibility="visible" x="178" y="1734" /><layer composite-op="svg:src-over" name="Capa 374" opacity="1.0" src="data/030.png" visibility="hidden" x="1428" y="1611" /><layer composite-op="svg:src-over" name="Capa 365" opacity="1.0" src="data/031.png" visibility="hidden" x="0" y="984" /><layer composite-op="svg:src-over" name="Capa 369 copia 2" opacity="1.0" src="data/032.png" visibility="hidden" x="689" y="1150" /><layer composite-op="svg:src-over" name="Capa 367" opacity="1.0" src="data/033.png" visibility="hidden" x="1096" y="1196" /><layer composite-op="svg:src-over" name="Capa 366" opacity="1.0" src="data/034.png" visibility="hidden" x="0" y="991" /><layer composite-op="svg:src-over" name="Capa 359" opacity="1.0" src="data/035.png" visibility="hidden" x="0" y="344" /><layer composite-op="svg:src-over" name="Objeto inteligente vectorial copia 2" opacity="1.0" src="data/036.png" visibility="hidden" x="371" y="1030" /><layer composite-op="svg:src-over" name="Objeto inteligente vectorial #7" opacity="1.0" src="data/037.png" visibility="hidden" x="821" y="45" /><layer composite-op="svg:src-over" name="L1 copia 2" opacity="1.0" src="data/038.png" visibility="visible" x="0" y="0" /><layer composite-op="svg:src-over" name="Forma 1 copia 27" opacity="1.0" src="data/039.png" visibility="visible" x="1673" y="6257" /><layer composite-op="svg:src-over" name="Forma 1 copia 22" opacity="1.0" src="data/040.png" visibility="hidden" x="1577" y="6257" /><stack composite-op="svg:src-over" name="menu" opacity="1.0" visibility="hidden"><layer composite-op="svg:src-over" name="Capa 329" opacity="1.0" src="data/042-000.png" visibility="visible" x="1336" y="666" /><layer composite-op="svg:src-over" name="TEL. 3338096501 Avenida Lapizlazuli 2074 int. 3 Col. Resindenci" opacity="1.0" src="data/042-001.png" visibility="visible" x="1441" y="561" /><layer composite-op="svg:src-over" name="AVISO DE PRIVACIDAD TERMINOS Y CONDICIONES POLITICAS DE ENVIO P" opacity="1.0" src="data/042-002.png" visibility="visible" x="1419" y="773" /><layer composite-op="svg:src-over" name="L1" opacity="1.0" src="data/042-003.png" visibility="visible" x="1627" y="685" /><layer composite-op="svg:src-over" name="Forma 1 copia 25" opacity="1.0" src="data/042-004.png" visibility="visible" x="1675" y="684" /><layer composite-op="svg:src-over" name="Forma 1 copia 20" opacity="1.0" src="data/042-005.png" visibility="visible" x="1579" y="683" /><layer composite-op="svg:src-over" name="" opacity="1.0" src="data/042-006.png" visibility="visible" x="0" y="0" /><layer composite-op="svg:src-over" name="Objeto inteligente vectorial #6" opacity="1.0" src="data/042-007.png" visibility="visible" x="110" y="58" /><layer composite-op="svg:src-over" name="Capa 330" opacity="1.0" src="data/042-008.png" visibility="visible" x="1264" y="0" /><layer composite-op="svg:src-over" name="Capa 328" opacity="1.0" src="data/042-009.png" visibility="visible" x="1268" y="0" /><layer composite-op="svg:src-over" name="Capa 285" opacity="1.0" src="data/042-010.png" visibility="visible" x="491" y="433" /><layer composite-op="svg:src-over" name="UDICON SERVICIOS PROYECTOS COTIZACIONES CONTACTO" opacity="1.0" src="data/042-011.png" visibility="visible" x="113" y="406" /><layer composite-op="svg:src-over" name="Capa 219" opacity="1.0" src="data/042-012.png" visibility="hidden" x="786" y="508" /><layer composite-op="svg:src-over" name="Capa 218" opacity="1.0" src="data/042-013.png" visibility="visible" x="0" y="0" /></stack><layer composite-op="svg:src-over" name="Capa 409" opacity="1.0" src="data/042.png" visibility="visible" x="707" y="2074" /><layer composite-op="svg:src-over" name="Capa 408" opacity="1.0" src="data/043.png" visibility="visible" x="664" y="1691" /><stack composite-op="svg:src-over" name="Grupo 4" opacity="1.0" visibility="visible"><layer composite-op="svg:src-over" name="Capa 411" opacity="1.0" src="data/045-000.png" visibility="hidden" x="627" y="830" /></stack><layer composite-op="svg:src-over" name="Capa 412" opacity="1.0" src="data/045.png" visibility="hidden" x="408" y="538" /><layer composite-op="svg:src-over" name="Avenida lapizlazuli 2074 int3 Residencial victoria, Guadalajara" opacity="1.0" src="data/046.png" visibility="visible" x="1372" y="1924" /><layer composite-op="svg:src-over" name="Deja tu correo y tu comentario y un asesor se reportará contigo" opacity="1.0" src="data/047.png" visibility="visible" x="176" y="1819" /><layer composite-op="svg:src-over" name="Capa 348" opacity="1.0" src="data/048.png" visibility="hidden" x="240" y="1760" /><stack composite-op="svg:src-over" name="Grupo 3" opacity="1.0" visibility="visible" /><layer composite-op="svg:src-over" name="Capa 342 copia 2" opacity="1.0" src="data/050.png" visibility="hidden" x="885" y="1698" /><layer composite-op="svg:src-over" name="Objeto inteligente vectorial #5" opacity="1.0" src="data/051.png" visibility="hidden" x="802" y="469" /><stack composite-op="svg:src-over" name="Grupo 2" opacity="1.0" visibility="visible" /><stack composite-op="svg:src-over" name="SliderHome" opacity="1.0" visibility="visible"><layer composite-op="svg:src-over" name="Capa 353" opacity="1.0" src="data/054-000.png" visibility="hidden" x="961" y="940" /><layer composite-op="svg:src-over" name="Capa 272 copia 17" opacity="1.0" src="data/054-001.png" visibility="hidden" x="1641" y="709" /><layer composite-op="svg:src-over" name="Capa 370" opacity="1.0" src="data/054-002.png" visibility="hidden" x="215" y="1679" /><layer composite-op="svg:src-over" name="Capa 272 copia 16" opacity="1.0" src="data/054-003.png" visibility="hidden" x="1641" y="753" /></stack><layer composite-op="svg:src-over" name="lineas" opacity="1.0" src="data/054.png" visibility="hidden" x="109" y="80" /><layer composite-op="svg:src-over" name="Objeto inteligente vectorial #4" opacity="1.0" src="data/055.png" visibility="hidden" x="204" y="664" /><layer composite-op="svg:src-over" name="Rectángulo 1 copia" opacity="1.0" src="data/056.png" visibility="hidden" x="109" y="213" /><layer composite-op="svg:src-over" name="Objeto inteligente vectorial #3" opacity="1.0" src="data/057.png" visibility="hidden" x="119" y="61" /><layer composite-op="svg:src-over" name="Objeto inteligente vectorial #2" opacity="1.0" src="data/058.png" visibility="hidden" x="1413" y="65" /><layer composite-op="svg:src-over" name="Objeto inteligente vectorial #1" opacity="1.0" src="data/059.png" visibility="hidden" x="225" y="1138" /><layer composite-op="svg:src-over" name="Capa 312" opacity="1.0" src="data/060.png" visibility="hidden" x="189" y="1010" /><layer composite-op="svg:src-over" name="Capa 307" opacity="1.0" src="data/061.png" visibility="visible" x="0" y="0" /><stack composite-op="svg:src-over" name="Grupo 1" opacity="1.0" visibility="hidden"><layer composite-op="svg:src-over" name="TEL.3338096501" opacity="1.0" src="data/063-000.png" visibility="visible" x="396" y="581" /></stack><layer composite-op="svg:src-over" name="Capa 305" opacity="1.0" src="data/063.png" visibility="hidden" x="109" y="249" /><stack composite-op="svg:src-over" name="cuerpo" opacity="1.0" visibility="visible"><layer composite-op="svg:src-over" name="Rectángulo redondeado 3" opacity="1.0" src="data/065-000.png" visibility="hidden" x="110" y="24" /><layer composite-op="svg:src-over" name="L1 copia" opacity="1.0" src="data/065-001.png" visibility="hidden" x="0" y="0" /><layer composite-op="svg:src-over" name="Capa 293" opacity="1.0" src="data/065-002.png" visibility="hidden" x="111" y="0" /><layer composite-op="svg:src-over" name="Forma 1 copia 26" opacity="1.0" src="data/065-003.png" visibility="hidden" x="1649" y="3478" /><layer composite-op="svg:src-over" name="Forma 1 copia 21" opacity="1.0" src="data/065-004.png" visibility="hidden" x="1568" y="3477" /><layer composite-op="svg:src-over" name="Capa 384" opacity="1.0" src="data/065-005.png" visibility="visible" x="0" y="0" /><layer composite-op="svg:src-over" name="TEL. 3338096501 WHATSAPP: 3338096501 AVENIDA LAPIZLAZULI 2074" opacity="1.0" src="data/065-006.png" visibility="hidden" x="1361" y="3745" /><layer composite-op="svg:src-over" name="Capa 295" opacity="1.0" src="data/065-007.png" visibility="hidden" x="111" y="158" /><layer composite-op="svg:src-over" name="Capa 291" opacity="1.0" src="data/065-008.png" visibility="hidden" x="733" y="415" /><layer composite-op="svg:src-over" name="Rectángulo redondeado 2" opacity="1.0" src="data/065-009.png" visibility="hidden" x="110" y="108" /></stack><layer composite-op="svg:src-over" name="Objeto inteligente vectorial" opacity="1.0" src="data/065.png" visibility="hidden" x="-709" y="919" /><layer composite-op="svg:src-over" name="fondo copia" opacity="0.878431372549" src="data/066.png" visibility="hidden" x="0" y="1837" /><layer composite-op="svg:src-over" name="fondo" opacity="0.878431372549" src="data/067.png" visibility="hidden" x="0" y="869" /><layer composite-op="svg:src-over" name="Capa 294" opacity="1.0" src="data/068.png" visibility="hidden" x="0" y="0" /><layer composite-op="svg:src-over" name="Capa 290" opacity="1.0" src="data/069.png" visibility="hidden" x="0" y="0" /><layer composite-op="svg:src-over" name="Capa 350 copia" opacity="1.0" src="data/070.png" visibility="hidden" x="0" y="0" /><layer composite-op="svg:src-over" name="Capa 360" opacity="1.0" src="data/071.png" visibility="hidden" x="0" y="0" /><layer composite-op="svg:src-over" name="Capa 362 copia" opacity="1.0" src="data/072.png" visibility="hidden" x="27" y="1845" /><layer composite-op="svg:src-over" name="Capa 362 copia 2" opacity="0.921568627451" src="data/073.png" visibility="hidden" x="0" y="0" /><layer composite-op="svg:src-over" name="Capa 410 copia" opacity="1.0" src="data/074.png" visibility="hidden" x="0" y="0" /><layer composite-op="svg:src-over" name="Capa 452" opacity="0.0392156862745" src="data/075.png" visibility="hidden" x="0" y="0" /><layer composite-op="svg:src-over" name="Capa 442" opacity="1.0" src="data/076.png" visibility="hidden" x="0" y="0" /><layer composite-op="svg:src-over" name="Capa 458 copia 2" opacity="1.0" src="data/077.png" visibility="visible" x="0" y="1622" /><layer composite-op="svg:src-over" name="Capa 160" opacity="1.0" src="data/078.png" visibility="visible" x="0" y="0" /></stack></image>